
<addon id="plugin.video.foxystreams" name="FoxyStreams" version="0.3.0" provider-name="nemoandcrush">
    <requires>
        <import addon="xbmc.python" version="3.0.0" />
        <import addon="script.module.six" />
        <import addon="script.module.kodi-six" />
        <import addon="script.module.requests" version="2.22.0+matrix.1" />
    </requires>
    <extension point="xbmc.python.pluginsource" library="default.py">
        <provides>video</provides>
    </extension>
    <extension point="xbmc.addon.metadata">
        <summary>Foxystreams Rarbg addon</summary>
        <description></description>
        <platform>all</platform>
        <assets>
            <icon>icon.png</icon>
        </assets>
	</extension>
</addon>
